gnn_type	sp_rate	sw	rwr_rate	se_dim	acc
gcn	0.1	0.0	0.1	64	0.8914591390465175
gcn	0.1	0.0	0.1	128	0.8911699859037843
gcn	0.1	0.0	0.1	256	0.8907001120468429
gcn	0.1	0.0	0.1	512	0.8915494994036216
gcn	0.3	0.0	0.1	64	0.94466331730943
gcn	0.3	0.0	0.1	128	0.9467777496656666
gcn	0.3	0.0	0.1	256	0.9452416235948965
gcn	0.3	0.0	0.1	512	0.9452235515234756
gcn	0.5	0.0	0.1	64	0.9439765785954386
gcn	0.5	0.0	0.1	128	0.944862110095059
gcn	0.5	0.0	0.1	256	0.9440488668811219
gcn	0.5	0.0	0.1	512	0.9449163263093215
gcn	0.7	0.0	0.1	64	0.9409766147395815
gcn	0.7	0.0	0.1	128	0.9395489210973362
gcn	0.7	0.0	0.1	256	0.9402718039541692
gcn	0.7	0.0	0.1	512	0.9396392814544403
gcn	0.9	0.0	0.1	64	0.9334767050999385
gcn	0.9	0.0	0.1	128	0.9333682726714136
gcn	0.9	0.0	0.1	256	0.9319225069577475
gcn	0.9	0.0	0.1	512	0.9329706871001554
gcn	1.0	0.0	0.1	64	0.9279466512451657
gcn	1.0	0.0	0.1	128	0.9266454621028662
gcn	1.0	0.0	0.1	256	0.9274225611739617
gcn	1.0	0.0	0.1	512	0.925217768460621
gcn	0.1	0.0	0.3	64	0.8911880579752052
gcn	0.1	0.0	0.3	128	0.8907904724039469
gcn	0.1	0.0	0.3	256	0.8905916796183179
gcn	0.1	0.0	0.3	512	0.8914772111179383
gcn	0.3	0.0	0.3	64	0.9451512632377923
gcn	0.3	0.0	0.3	128	0.9448259659522175
gcn	0.3	0.0	0.3	256	0.9454584884519464
gcn	0.3	0.0	0.3	512	0.9456934253804171
gcn	0.5	0.0	0.3	64	0.943940434452597
gcn	0.5	0.0	0.3	128	0.94488018216648
gcn	0.5	0.0	0.3	256	0.9454765605233671
gcn	0.5	0.0	0.3	512	0.9440488668811219
gcn	0.7	0.0	0.3	64	0.9407597498825315
gcn	0.7	0.0	0.3	128	0.9399284345971736
gcn	0.7	0.0	0.3	256	0.9397477138829653
gcn	0.7	0.0	0.3	512	0.9397115697401236
gcn	0.9	0.0	0.3	64	0.9340730834568258
gcn	0.9	0.0	0.3	128	0.933115263671522
gcn	0.9	0.0	0.3	256	0.9343260924567174
gcn	0.9	0.0	0.3	512	0.9332959843857302
gcn	1.0	0.0	0.3	64	0.9274767773882242
gcn	1.0	0.0	0.3	128	0.9279285791737449
gcn	1.0	0.0	0.3	256	0.9283080926735823
gcn	1.0	0.0	0.3	512	0.9286153178877363
gcn	0.1	0.0	0.5	64	0.8915856435464633
gcn	0.1	0.0	0.5	128	0.8920374453319839
gcn	0.1	0.0	0.5	256	0.8910615534752593
gcn	0.1	0.0	0.5	512	0.8900856616185348
gcn	0.3	0.0	0.5	64	0.9468861820941916
gcn	0.3	0.0	0.5	128	0.9448259659522175
gcn	0.3	0.0	0.5	256	0.944554884880905
gcn	0.3	0.0	0.5	512	0.9444825965952217
gcn	0.5	0.0	0.5	64	0.9447356055951133
gcn	0.5	0.0	0.5	128	0.9434344164528138
gcn	0.5	0.0	0.5	256	0.9451331911663715
gcn	0.5	0.0	0.5	512	0.9449343983807424
gcn	0.7	0.0	0.5	64	0.9399645787400152
gcn	0.7	0.0	0.5	128	0.9400187949542776
gcn	0.7	0.0	0.5	256	0.9390790472403947
gcn	0.7	0.0	0.5	512	0.9410669750966856
gcn	0.9	0.0	0.5	64	0.9293020566017277
gcn	0.9	0.0	0.5	128	0.9349766870278672
gcn	0.9	0.0	0.5	256	0.9336754978855677
gcn	0.9	0.0	0.5	512	0.9295912097444609
gcn	1.0	0.0	0.5	64	0.9275490656739075
gcn	1.0	0.0	0.5	128	0.9271695521740702
gcn	1.0	0.0	0.5	256	0.929482777315936
gcn	1.0	0.0	0.5	512	0.9256514981747208
gcn	0.1	0.0	0.7	64	0.8913868507608342
gcn	0.1	0.0	0.7	128	0.8905916796183179
gcn	0.1	0.0	0.7	256	0.8911157696895218
gcn	0.1	0.0	0.7	512	0.8895434994759099
gcn	0.3	0.0	0.7	64	0.9448440380236383
gcn	0.3	0.0	0.7	128	0.943633209238443
gcn	0.3	0.0	0.7	256	0.9453500560234214
gcn	0.3	0.0	0.7	512	0.9430187588101349
gcn	0.5	0.0	0.7	64	0.9458560740232045
gcn	0.5	0.0	0.7	128	0.9436512813098638
gcn	0.5	0.0	0.7	256	0.944970542523584
gcn	0.5	0.0	0.7	512	0.9456211370947338
gcn	0.7	0.0	0.7	64	0.9396031373115986
gcn	0.7	0.0	0.7	128	0.9405248129540608
gcn	0.7	0.0	0.7	256	0.9403802363826942
gcn	0.7	0.0	0.7	512	0.9390067589547114
gcn	0.9	0.0	0.7	64	0.9309104709581812
gcn	0.9	0.0	0.7	128	0.9324285249575306
gcn	0.9	0.0	0.7	256	0.9335489933856218
gcn	0.9	0.0	0.7	512	0.9348321104565005
gcn	1.0	0.0	0.7	64	0.9293020566017277
gcn	1.0	0.0	0.7	128	0.9257599306032458
gcn	1.0	0.0	0.7	256	0.9284888133877905
gcn	1.0	0.0	0.7	512	0.9258141468175082
gcn	0.1	0.0	0.9	64	0.8904651751183721
gcn	0.1	0.0	0.9	128	0.8907724003325261
gcn	0.1	0.0	0.9	256	0.8897784364043807
gcn	0.1	0.0	0.9	512	0.8908808327610511
gcn	0.3	0.0	0.9	64	0.945910290237467
gcn	0.3	0.0	0.9	128	0.9423320200961435
gcn	0.3	0.0	0.9	256	0.9449343983807424
gcn	0.3	0.0	0.9	512	0.9472837676654499
gcn	0.5	0.0	0.9	64	0.9441753713810677
gcn	0.5	0.0	0.9	128	0.9448982542379007
gcn	0.5	0.0	0.9	256	0.9450609028806882
gcn	0.5	0.0	0.9	512	0.9436151371670221
gcn	0.7	0.0	0.9	64	0.9403260201684317
gcn	0.7	0.0	0.9	128	0.9394224165973903
gcn	0.7	0.0	0.9	256	0.9403260201684317
gcn	0.7	0.0	0.9	512	0.939675425597282
gcn	0.9	0.0	0.9	64	0.9338562185997759
gcn	0.9	0.0	0.9	128	0.9331514078143637
gcn	0.9	0.0	0.9	256	0.9328441826002096
gcn	0.9	0.0	0.9	512	0.9335489933856218
gcn	1.0	0.0	0.9	64	0.9278382188166407
gcn	1.0	0.0	0.9	128	0.9298803628871941
gcn	1.0	0.0	0.9	256	0.9291755521017819
gcn	1.0	0.0	0.9	512	0.9272237683883326
gcn	0.1	0.1	0.1	64	0.8950735533306827
gcn	0.1	0.1	0.1	128	0.8916037156178841
gcn	0.1	0.1	0.1	256	0.8905013192612137
gcn	0.1	0.1	0.1	512	0.8834170672642498
gcn	0.3	0.1	0.1	64	0.949452416235949
gcn	0.3	0.1	0.1	128	0.9480247225937037
gcn	0.3	0.1	0.1	256	0.9479524343080203
gcn	0.3	0.1	0.1	512	0.947898218093758
gcn	0.5	0.1	0.1	64	0.9452416235948965
gcn	0.5	0.1	0.1	128	0.9462355875230419
gcn	0.5	0.1	0.1	256	0.9474644883796581
gcn	0.5	0.1	0.1	512	0.9475187045939205
gcn	0.7	0.1	0.1	64	0.941952506596306
gcn	0.7	0.1	0.1	128	0.940615173311165
gcn	0.7	0.1	0.1	256	0.941862146239202
gcn	0.7	0.1	0.1	512	0.9427657498102433
gcn	0.9	0.1	0.1	64	0.9343080203852966
gcn	0.9	0.1	0.1	128	0.9321574438862182
gcn	0.9	0.1	0.1	256	0.9319044348863267
gcn	0.9	0.1	0.1	512	0.932500813243214
gcn	1.0	0.1	0.1	64	0.9289406151733112
gcn	1.0	0.1	0.1	128	0.9268984711027578
gcn	1.0	0.1	0.1	256	0.9291032638160986
gcn	1.0	0.1	0.1	512	0.928235804387899
gcn	0.1	0.1	0.3	64	0.891206130046626
gcn	0.1	0.1	0.3	128	0.8961578776159324
gcn	0.1	0.1	0.3	256	0.8907724003325261
gcn	0.1	0.1	0.3	512	0.888079661690823
gcn	0.3	0.1	0.3	64	0.9487476054505367
gcn	0.3	0.1	0.3	128	0.9498319297357863
gcn	0.3	0.1	0.3	256	0.9486391730220117
gcn	0.3	0.1	0.3	512	0.9473922000939747
gcn	0.5	0.1	0.3	64	0.946325947880146
gcn	0.5	0.1	0.3	128	0.9452958398091589
gcn	0.5	0.1	0.3	256	0.9461994433802002
gcn	0.5	0.1	0.3	512	0.9469584703798749
gcn	0.7	0.1	0.3	64	0.9424946687389308
gcn	0.7	0.1	0.3	128	0.9427476777388224
gcn	0.7	0.1	0.3	256	0.9408501102396357
gcn	0.7	0.1	0.3	512	0.9440488668811219
gcn	0.9	0.1	0.3	64	0.9318140745292225
gcn	0.9	0.1	0.3	128	0.9336574258141468
gcn	0.9	0.1	0.3	256	0.932808038457368
gcn	0.9	0.1	0.3	512	0.9319225069577475
gcn	1.0	0.1	0.3	64	0.9224527415332345
gcn	1.0	0.1	0.3	128	0.9271876242454911
gcn	1.0	0.1	0.3	256	0.9268984711027578
gcn	1.0	0.1	0.3	512	0.9274587053168034
gcn	0.1	0.1	0.5	64	0.8957060758304117
gcn	0.1	0.1	0.5	128	0.8929952651172878
gcn	0.1	0.1	0.5	256	0.8897061481186974
gcn	0.1	0.1	0.5	512	0.8829291213358875
gcn	0.3	0.1	0.5	64	0.9434705605956555
gcn	0.3	0.1	0.5	128	0.9478440018794955
gcn	0.3	0.1	0.5	256	0.9461452271659377
gcn	0.3	0.1	0.5	512	0.9465608848086168
gcn	0.5	0.1	0.5	64	0.9456211370947338
gcn	0.5	0.1	0.5	128	0.9470488307369791
gcn	0.5	0.1	0.5	256	0.94685003795135
gcn	0.5	0.1	0.5	512	0.9470669028083999
gcn	0.7	0.1	0.5	64	0.9424946687389308
gcn	0.7	0.1	0.5	128	0.9421874435247768
gcn	0.7	0.1	0.5	256	0.9429283984530307
gcn	0.7	0.1	0.5	512	0.9428018939530849
gcn	0.9	0.1	0.5	64	0.9332959843857302
gcn	0.9	0.1	0.5	128	0.9337839303140926
gcn	0.9	0.1	0.5	256	0.9347417500993964
gcn	0.9	0.1	0.5	512	0.9334586330285177
gcn	1.0	0.1	0.5	64	0.9281092998879532
gcn	1.0	0.1	0.5	128	0.9263201648172914
gcn	1.0	0.1	0.5	256	0.9281454440307948
gcn	1.0	0.1	0.5	512	0.9256514981747208
gcn	0.1	0.1	0.7	64	0.8930494813315503
gcn	0.1	0.1	0.7	128	0.8938085083312249
gcn	0.1	0.1	0.7	256	0.8914229949036758
gcn	0.1	0.1	0.7	512	0.8832363465500416
gcn	0.3	0.1	0.7	64	0.948512668522066
gcn	0.3	0.1	0.7	128	0.9484223081649619
gcn	0.3	0.1	0.7	256	0.9429283984530307
gcn	0.3	0.1	0.7	512	0.9464524523800918
gcn	0.5	0.1	0.7	64	0.9450428308092673
gcn	0.5	0.1	0.7	128	0.9452054794520548
gcn	0.5	0.1	0.7	256	0.947265695594029
gcn	0.5	0.1	0.7	512	0.9451331911663715
gcn	0.7	0.1	0.7	64	0.9420247948819894
gcn	0.7	0.1	0.7	128	0.941862146239202
gcn	0.7	0.1	0.7	256	0.943416344381393
gcn	0.7	0.1	0.7	512	0.943832002024072
gcn	0.9	0.1	0.7	64	0.9337658582426718
gcn	0.9	0.1	0.7	128	0.9313622727437019
gcn	0.9	0.1	0.7	256	0.9344345248852424
gcn	0.9	0.1	0.7	512	0.9339104348140383
gcn	1.0	0.1	0.7	64	0.9257960747460874
gcn	1.0	0.1	0.7	128	0.9265370296743413
gcn	1.0	0.1	0.7	256	0.9285249575306321
gcn	1.0	0.1	0.7	512	0.9289948313875737
gcn	0.1	0.1	0.9	64	0.8908085444753677
gcn	0.1	0.1	0.9	128	0.895471138901941
gcn	0.1	0.1	0.9	256	0.8905374634040554
gcn	0.1	0.1	0.9	512	0.8818990132649004
gcn	0.3	0.1	0.9	64	0.9481873712364911
gcn	0.3	0.1	0.9	128	0.9434524885242347
gcn	0.3	0.1	0.9	256	0.9469403983084541
gcn	0.3	0.1	0.9	512	0.9445187407380634
gcn	0.5	0.1	0.9	64	0.9455669208804713
gcn	0.5	0.1	0.9	128	0.9450247587378465
gcn	0.5	0.1	0.9	256	0.9470849748798207
gcn	0.5	0.1	0.9	512	0.9458560740232045
gcn	0.7	0.1	0.9	64	0.9418440741677812
gcn	0.7	0.1	0.9	128	0.9407416778111107
gcn	0.7	0.1	0.9	256	0.9433259840242889
gcn	0.7	0.1	0.9	512	0.9428741822387682
gcn	0.9	0.1	0.9	64	0.932392380814689
gcn	0.9	0.1	0.9	128	0.933530921314201
gcn	0.9	0.1	0.9	256	0.932283948386164
gcn	0.9	0.1	0.9	512	0.9306032457440272
gcn	1.0	0.1	0.9	64	0.9268442548884953
gcn	1.0	0.1	0.9	128	0.9306574619582897
gcn	1.0	0.1	0.9	256	0.9283261647450031
gcn	1.0	0.1	0.9	512	0.926464741388658
gcn	0.1	0.3	0.1	64	0.8953265623305743
gcn	0.1	0.3	0.1	128	0.8873929229768316
gcn	0.1	0.3	0.1	256	0.88932663461886
gcn	0.1	0.3	0.1	512	0.8840857339068204
gcn	0.3	0.3	0.1	64	0.9483138757364369
gcn	0.3	0.3	0.1	128	0.9432898398814472
gcn	0.3	0.3	0.1	256	0.9472295514511874
gcn	0.3	0.3	0.1	512	0.9457295695232587
gcn	0.5	0.3	0.1	64	0.9473379838797122
gcn	0.5	0.3	0.1	128	0.9470126865941374
gcn	0.5	0.3	0.1	256	0.9467958217370875
gcn	0.5	0.3	0.1	512	0.9464705244515126
gcn	0.7	0.3	0.1	64	0.9425308128817725
gcn	0.7	0.3	0.1	128	0.9425308128817725
gcn	0.7	0.3	0.1	256	0.9439946506668594
gcn	0.7	0.3	0.1	512	0.9433259840242889
gcn	0.9	0.3	0.1	64	0.9343441645281382
gcn	0.9	0.3	0.1	128	0.9328622546716304
gcn	0.9	0.3	0.1	256	0.9324104528861098
gcn	0.9	0.3	0.1	512	0.9337658582426718
gcn	1.0	0.3	0.1	64	0.9285611016734738
gcn	1.0	0.3	0.1	128	0.9305309574583439
gcn	1.0	0.3	0.1	256	0.9253442729605668
gcn	1.0	0.3	0.1	512	0.9286695341019988
gcn	0.1	0.3	0.3	64	0.8959229406874616
gcn	0.1	0.3	0.3	128	0.8947301839736871
gcn	0.1	0.3	0.3	256	0.8860917338345321
gcn	0.1	0.3	0.3	512	0.8791520584089348
gcn	0.3	0.3	0.3	64	0.9490729027361117
gcn	0.3	0.3	0.3	128	0.9487476054505367
gcn	0.3	0.3	0.3	256	0.9460910109516752
gcn	0.3	0.3	0.3	512	0.9472476235226082
gcn	0.5	0.3	0.3	64	0.9464885965229335
gcn	0.5	0.3	0.3	128	0.9472837676654499
gcn	0.5	0.3	0.3	256	0.9465247406657751
gcn	0.5	0.3	0.3	512	0.9468681100227708
gcn	0.7	0.3	0.3	64	0.9434886326670763
gcn	0.7	0.3	0.3	128	0.943723569595547
gcn	0.7	0.3	0.3	256	0.9426031011674558
gcn	0.7	0.3	0.3	512	0.943307911952868
gcn	0.9	0.3	0.3	64	0.9331694798857845
gcn	0.9	0.3	0.3	128	0.9334947771713594
gcn	0.9	0.3	0.3	256	0.9343983807424007
gcn	0.9	0.3	0.3	512	0.9346875338851339
gcn	1.0	0.3	0.3	64	0.9276574981024325
gcn	1.0	0.3	0.3	128	0.9276394260310117
gcn	1.0	0.3	0.3	256	0.931036975458127
gcn	1.0	0.3	0.3	512	0.9284707413163696
gcn	0.1	0.3	0.5	64	0.8917844363320924
gcn	0.1	0.3	0.5	128	0.8925615354031879
gcn	0.1	0.3	0.5	256	0.8896519319044349
gcn	0.1	0.3	0.5	512	0.8820255177648462
gcn	0.3	0.3	0.5	64	0.9461090830230962
gcn	0.3	0.3	0.5	128	0.9490909748075325
gcn	0.3	0.3	0.5	256	0.9474283442368164
gcn	0.3	0.3	0.5	512	0.9472837676654499
gcn	0.5	0.3	0.5	64	0.9471030469512416
gcn	0.5	0.3	0.5	128	0.9474464163082372
gcn	0.5	0.3	0.5	256	0.9458741460946254
gcn	0.5	0.3	0.5	512	0.9465789568800376
gcn	0.7	0.3	0.5	64	0.9430187588101349
gcn	0.7	0.3	0.5	128	0.9439946506668594
gcn	0.7	0.3	0.5	256	0.9444464524523801
gcn	0.7	0.3	0.5	512	0.9449886145950048
gcn	0.9	0.3	0.5	64	0.9351393356706545
gcn	0.9	0.3	0.5	128	0.9338020023855135
gcn	0.9	0.3	0.5	256	0.9327538222431055
gcn	0.9	0.3	0.5	512	0.933332128528572
gcn	1.0	0.3	0.5	64	0.926771966602812
gcn	1.0	0.3	0.5	128	0.9222539487476055
gcn	1.0	0.3	0.5	256	0.928543029602053
gcn	1.0	0.3	0.5	512	0.9293020566017277
gcn	0.1	0.3	0.7	64	0.8923265984747172
gcn	0.1	0.3	0.7	128	0.888910976976181
gcn	0.1	0.3	0.7	256	0.8850977699063867
gcn	0.1	0.3	0.7	512	0.8778689413380562
gcn	0.3	0.3	0.7	64	0.9473922000939747
gcn	0.3	0.3	0.7	128	0.9474825604510789
gcn	0.3	0.3	0.7	256	0.948097010879387
gcn	0.3	0.3	0.7	512	0.946325947880146
gcn	0.5	0.3	0.7	64	0.9461994433802002
gcn	0.5	0.3	0.7	128	0.9471572631655041
gcn	0.5	0.3	0.7	256	0.9429645425958724
gcn	0.5	0.3	0.7	512	0.946542812737196
gcn	0.7	0.3	0.7	64	0.9423139480247226
gcn	0.7	0.3	0.7	128	0.9421874435247768
gcn	0.7	0.3	0.7	256	0.943832002024072
gcn	0.7	0.3	0.7	512	0.9448982542379007
gcn	0.9	0.3	0.7	64	0.9336935699569885
gcn	0.9	0.3	0.7	128	0.9341634438139299
gcn	0.9	0.3	0.7	256	0.9340007951711425
gcn	0.9	0.3	0.7	512	0.9347959663136589
gcn	1.0	0.3	0.7	64	0.9265912458886038
gcn	1.0	0.3	0.7	128	0.929681570101565
gcn	1.0	0.3	0.7	256	0.9299345791014566
gcn	1.0	0.3	0.7	512	0.9297177142444067
gcn	0.1	0.3	0.9	64	0.8924711750460838
gcn	0.1	0.3	0.9	128	0.8884049589763979
gcn	0.1	0.3	0.9	256	0.8833086348357249
gcn	0.1	0.3	0.9	512	0.8789894097661474
gcn	0.3	0.3	0.9	64	0.9443922362381176
gcn	0.3	0.3	0.9	128	0.9482958036650161
gcn	0.3	0.3	0.9	256	0.9426573173817183
gcn	0.3	0.3	0.9	512	0.9469042541656124
gcn	0.5	0.3	0.9	64	0.9431994795243431
gcn	0.5	0.3	0.9	128	0.9459283623088879
gcn	0.5	0.3	0.9	256	0.9447898218093758
gcn	0.5	0.3	0.9	512	0.9463982361658293
gcn	0.7	0.3	0.9	64	0.942277803881881
gcn	0.7	0.3	0.9	128	0.9423139480247226
gcn	0.7	0.3	0.9	256	0.9429645425958724
gcn	0.7	0.3	0.9	512	0.9441572993096469
gcn	0.9	0.3	0.9	64	0.9349224708136047
gcn	0.9	0.3	0.9	128	0.9343080203852966
gcn	0.9	0.3	0.9	256	0.9330429753858387
gcn	0.9	0.3	0.9	512	0.9328803267430513
gcn	1.0	0.3	0.9	64	0.9287237503162612
gcn	1.0	0.3	0.9	128	0.9283442368164239
gcn	1.0	0.3	0.9	256	0.9275129215310659
gcn	1.0	0.3	0.9	512	0.9279647233165865
gcn	0.1	0.5	0.1	64	0.8955976434018867
gcn	0.1	0.5	0.1	128	0.8921820219033506
gcn	0.1	0.5	0.1	256	0.8844110311923953
gcn	0.1	0.5	0.1	512	0.8769834098384357
gcn	0.3	0.5	0.1	64	0.9455849929518921
gcn	0.3	0.5	0.1	128	0.949759641450103
gcn	0.3	0.5	0.1	256	0.9474464163082372
gcn	0.3	0.5	0.1	512	0.9470126865941374
gcn	0.5	0.5	0.1	64	0.9472476235226082
gcn	0.5	0.5	0.1	128	0.9475367766653414
gcn	0.5	0.5	0.1	256	0.9470126865941374
gcn	0.5	0.5	0.1	512	0.9473922000939747
gcn	0.7	0.5	0.1	64	0.9432536957386055
gcn	0.7	0.5	0.1	128	0.9433802002385513
gcn	0.7	0.5	0.1	256	0.9438862182383345
gcn	0.7	0.5	0.1	512	0.9442295875953302
gcn	0.9	0.5	0.1	64	0.9350489753135505
gcn	0.9	0.5	0.1	128	0.9353200563848628
gcn	0.9	0.5	0.1	256	0.9354646329562294
gcn	0.9	0.5	0.1	512	0.9312719123865978
gcn	1.0	0.5	0.1	64	0.9280731557451115
gcn	1.0	0.5	0.1	128	0.928543029602053
gcn	1.0	0.5	0.1	256	0.9293924169588318
gcn	1.0	0.5	0.1	512	0.9314345610293852
gcn	0.1	0.5	0.3	64	0.8947844001879496
gcn	0.1	0.5	0.3	128	0.8900856616185348
gcn	0.1	0.5	0.3	256	0.8849170491921784
gcn	0.1	0.5	0.3	512	0.8763689594101276
gcn	0.3	0.5	0.3	64	0.9465066685943543
gcn	0.3	0.5	0.3	128	0.9491632630932157
gcn	0.3	0.5	0.3	256	0.9430549029529764
gcn	0.3	0.5	0.3	512	0.9464524523800918
gcn	0.5	0.5	0.3	64	0.9482958036650161
gcn	0.5	0.5	0.3	128	0.9473741280225539
gcn	0.5	0.5	0.3	256	0.9477174973795497
gcn	0.5	0.5	0.3	512	0.9473379838797122
gcn	0.7	0.5	0.3	64	0.9430910470958181
gcn	0.7	0.5	0.3	128	0.9419705786677269
gcn	0.7	0.5	0.3	256	0.9438862182383345
gcn	0.7	0.5	0.3	512	0.9442295875953302
gcn	0.9	0.5	0.3	64	0.9346694618137131
gcn	0.9	0.5	0.3	128	0.9349405428850255
gcn	0.9	0.5	0.3	256	0.935085119456392
gcn	0.9	0.5	0.3	512	0.9353200563848628
gcn	1.0	0.5	0.3	64	0.9278382188166407
gcn	1.0	0.5	0.3	128	0.9285611016734738
gcn	1.0	0.5	0.3	256	0.9305490295297647
gcn	1.0	0.5	0.3	512	0.9330068312429971
gcn	0.1	0.5	0.5	64	0.8911338417609427
gcn	0.1	0.5	0.5	128	0.8894531391188057
gcn	0.1	0.5	0.5	256	0.8851339140492284
gcn	0.1	0.5	0.5	512	0.8775074999096396
gcn	0.3	0.5	0.5	64	0.94881989373622
gcn	0.3	0.5	0.5	128	0.9488741099504825
gcn	0.3	0.5	0.5	256	0.94881989373622
gcn	0.3	0.5	0.5	512	0.9454765605233671
gcn	0.5	0.5	0.5	64	0.9453500560234214
gcn	0.5	0.5	0.5	128	0.946217515451621
gcn	0.5	0.5	0.5	256	0.9471753352369249
gcn	0.5	0.5	0.5	512	0.946325947880146
gcn	0.7	0.5	0.5	64	0.9407958940253732
gcn	0.7	0.5	0.5	128	0.9439946506668594
gcn	0.7	0.5	0.5	256	0.943940434452597
gcn	0.7	0.5	0.5	512	0.9439765785954386
gcn	0.9	0.5	0.5	64	0.9338381465283551
gcn	0.9	0.5	0.5	128	0.9349224708136047
gcn	0.9	0.5	0.5	256	0.9309827592438645
gcn	0.9	0.5	0.5	512	0.935103191527813
gcn	1.0	0.5	0.5	64	0.9269888314598619
gcn	1.0	0.5	0.5	128	0.9278382188166407
gcn	1.0	0.5	0.5	256	0.9293201286731485
gcn	1.0	0.5	0.5	512	0.9293382007445693
gcn	0.1	0.5	0.7	64	0.890989265189576
gcn	0.1	0.5	0.7	128	0.8883688148335562
gcn	0.1	0.5	0.7	256	0.8862724545487404
gcn	0.1	0.5	0.7	512	0.8751762026963531
gcn	0.3	0.5	0.7	64	0.9467958217370875
gcn	0.3	0.5	0.7	128	0.9482054433079119
gcn	0.3	0.5	0.7	256	0.9478440018794955
gcn	0.3	0.5	0.7	512	0.9462898037373044
gcn	0.5	0.5	1.0	128	0.9475909928796039
gcn	0.5	0.5	0.7	64	0.9466693172371418
gcn	0.5	0.5	0.7	128	0.9477355694509705
gcn	0.5	0.5	1.0	128	0.9459464343803087
gcn	0.5	0.5	0.7	256	0.9469584703798749
gcn	0.5	0.5	0.7	512	0.9466512451657209
gcn	0.7	0.5	0.7	64	0.943524776809918
gcn	0.7	0.5	0.7	128	0.9432536957386055
gcn	0.7	0.5	0.7	256	0.9421332273105143
gcn	0.7	0.5	0.7	512	0.9439223623811761
gcn	0.9	0.5	0.7	64	0.9321935880290599
gcn	0.9	0.5	0.7	128	0.9334405609570969
gcn	0.9	0.5	0.7	256	0.9346513897422922
gcn	0.9	0.5	0.7	512	0.9355549933133336
gcn	1.0	0.5	0.7	64	0.928235804387899
gcn	0.7	0.7	0.3	64	0.9437054975241262
gcn	0.7	0.7	0.3	128	0.944970542523584
gcn	0.7	0.7	0.3	256	0.9451151190949507
gcn	0.7	0.7	0.3	512	0.9446452452380092
gcn	0.5	0.2	1.0	128	0.9462898037373044
gcn	0.9	0.7	0.3	64	0.9338381465283551
gcn	0.9	0.7	0.3	128	0.936332092384429
gcn	0.9	0.7	0.3	256	0.9367296779556873
gcn	0.9	0.7	0.3	512	0.9347417500993964
gcn	1.0	0.7	0.3	64	0.9298803628871941
gcn	0.5	0.2	1.0	128	0.9445368128094842
gcn	1.0	0.7	0.3	128	0.9313984168865436
gcn	1.0	0.7	0.3	256	0.9321032276719557
gcn	1.0	0.7	0.3	512	0.9309466151010228
gcn	0.1	0.7	0.5	64	0.8919832291177214
gcn	0.1	0.7	0.5	128	0.8901037336899555
gcn	0.1	0.7	0.5	256	0.8813026349080132
gcn	0.1	0.7	0.5	512	0.8748870495536198
gcn	0.3	0.7	0.5	64	0.9467596775942458
gcn	0.3	0.7	0.5	128	0.9458380019517837
gcn	0.3	0.7	0.5	256	0.9475367766653414
gcn	0.3	0.7	0.5	512	0.9456753533089963
gcn	0.5	0.7	0.5	64	0.9470488307369791
gcn	0.5	0.7	0.5	128	0.9478620739509163
gcn	0.5	0.7	0.5	256	0.9471753352369249
gcn	0.5	0.7	0.5	512	0.9458199298803629
gcn	0.7	0.7	0.5	64	0.9430910470958181
gcn	0.7	0.7	0.5	128	0.9444825965952217
gcn	0.7	0.7	0.5	256	0.9441934434524886
gcn	0.7	0.7	0.5	512	0.9447898218093758
gcn	0.9	0.7	0.5	64	0.9371453355983663
gcn	0.9	0.7	0.5	128	0.9349043987421838
gcn	0.9	0.7	0.5	256	0.9353742725991253
gcn	0.9	0.7	0.5	512	0.9343803086709799
gcn	1.0	0.7	0.5	64	0.9279466512451657
gcn	1.0	0.7	0.5	128	0.9276394260310117
gcn	1.0	0.7	0.5	256	0.9214407055336683
gcn	1.0	0.7	0.5	512	0.9299345791014566
gcn	0.1	0.7	0.7	64	0.89151335526078
gcn	0.1	0.7	0.7	128	0.8861640221202154
gcn	0.1	0.7	0.7	256	0.8802905989084469
gcn	0.1	0.7	0.7	512	0.8744713919109408
gcn	0.3	0.7	0.7	64	0.9475909928796039
gcn	0.3	0.7	0.7	128	0.9456392091661546
gcn	0.3	0.7	0.7	256	0.9454584884519464
gcn	0.3	0.7	0.7	512	0.9456572812375754
gcn	0.5	0.7	0.7	64	0.9473741280225539
gcn	0.5	0.7	0.7	128	0.9458741460946254
gcn	0.5	0.7	0.7	256	0.946217515451621
gcn	0.5	0.7	0.7	512	0.9460729388802545
gcn	0.7	0.7	0.7	64	0.9435067047384972
gcn	0.7	0.7	0.7	128	0.9430187588101349
gcn	0.7	0.7	0.7	256	0.943524776809918
gcn	0.7	0.7	0.7	512	0.9437777858098095
gcn	0.9	0.7	0.7	64	0.9351754798134962
gcn	0.9	0.7	0.7	128	0.9343803086709799
gcn	0.9	0.7	0.7	256	0.9360790833845375
gcn	0.9	0.7	0.7	512	0.9359706509560126
gcn	1.0	0.7	0.7	64	0.9302598763870314
gcn	1.0	0.7	0.7	128	0.9307839664582355
gcn	1.0	0.7	0.7	256	0.930820110601077
gcn	1.0	0.7	0.7	512	0.9302418043156107
gcn	0.1	0.7	0.9	64	0.890989265189576
gcn	0.1	0.7	0.9	128	0.8869772653341526
gcn	0.1	0.7	0.9	256	0.8789351935518849
gcn	0.1	0.7	0.9	512	0.8716340766978711
gcn	0.3	0.7	0.9	64	0.9457837857375212
gcn	0.3	0.7	0.9	128	0.9478801460223371
gcn	0.3	0.7	0.9	256	0.9456753533089963
gcn	0.3	0.7	0.9	512	0.9457295695232587
gcn	0.5	0.7	0.9	64	0.9471934073083457
gcn	0.5	0.7	0.9	128	0.94685003795135
gcn	0.5	0.7	0.9	256	0.9454404163805256
gcn	0.5	0.7	0.9	512	0.9455669208804713
gcn	0.7	0.7	0.9	64	0.9426573173817183
gcn	0.7	0.7	0.9	128	0.9432717678100264
gcn	0.7	0.7	0.9	256	0.9427476777388224
gcn	0.7	0.7	0.9	512	0.9430368308815557
gcn	0.9	0.7	0.9	64	0.9346333176708714
gcn	0.9	0.7	0.9	128	0.9341634438139299
gcn	0.9	0.7	0.9	256	0.9331333357429429
gcn	0.9	0.7	0.9	512	0.9353562005277045
gcn	1.0	0.7	0.9	64	0.9286876061734196
gcn	1.0	0.7	0.9	128	0.9300791556728232
gcn	1.0	0.7	0.9	256	0.9291936241732027
gcn	1.0	0.7	0.9	512	0.9246394621751545
gcn	0.1	0.9	0.1	64	0.8937000759027
gcn	0.1	0.9	0.1	128	0.892760328188817
gcn	0.1	0.9	0.1	256	0.8820255177648462
gcn	0.1	0.9	0.1	512	0.8727545451259623
gcn	0.3	0.9	0.1	64	0.9469403983084541
gcn	0.3	0.9	0.1	128	0.9488921820219034
gcn	0.3	0.9	0.1	256	0.9479343622365995
gcn	0.3	0.9	0.1	512	0.9446271731665884
gcn	0.5	0.9	0.1	64	0.9456753533089963
gcn	0.5	0.9	0.1	128	0.948097010879387
gcn	0.5	0.9	0.1	256	0.9420247948819894
gcn	0.5	0.9	0.1	512	0.9445729569523259
gcn	0.7	0.9	0.1	64	0.9426031011674558
gcn	0.7	0.9	0.1	128	0.9431091191672389
gcn	0.7	0.9	0.1	256	0.9440488668811219
gcn	0.7	0.9	0.1	512	0.9436874254527053
gcn	0.9	0.9	0.1	64	0.9351574077420753
gcn	0.9	0.9	0.1	128	0.9348140383850797
gcn	0.9	0.9	0.1	256	0.9358441464560668
gcn	0.9	0.9	0.1	512	0.9372899121697329
gcn	1.0	0.9	0.1	64	0.9296454259587233
gcn	1.0	0.9	0.1	128	0.930729750243973
gcn	1.0	0.9	0.1	256	0.9326273177431598
gcn	1.0	0.9	0.1	512	0.9337116420284093
gcn	0.1	0.9	0.3	64	0.8948205443307912
gcn	0.1	0.9	0.3	128	0.886832688762786
gcn	0.1	0.9	0.3	256	0.8809411934795967
gcn	0.1	0.9	0.3	512	0.8726280406260165
gcn	0.3	0.9	0.3	64	0.9483319478078578
gcn	0.3	0.9	0.3	128	0.9483319478078578
gcn	0.3	0.9	0.3	256	0.9472476235226082
gcn	0.3	0.9	0.3	512	0.943416344381393
gcn	0.5	0.9	0.3	64	0.946741605522825
gcn	0.5	0.9	0.3	128	0.9461994433802002
gcn	0.5	0.9	0.3	256	0.9459645064517295
gcn	0.5	0.9	0.3	512	0.9410308309538439
gcn	0.7	0.9	0.3	64	0.943307911952868
gcn	0.7	0.9	0.3	128	0.9429464705244515
gcn	0.7	0.9	0.3	256	0.9440669389525428
gcn	0.7	0.9	0.3	512	0.9429464705244515
gcn	0.9	0.9	0.3	64	0.9357537860989626
gcn	0.9	0.9	0.3	128	0.9365308851700582
gcn	0.9	0.9	0.3	256	0.9363863085986915
gcn	0.9	0.9	0.3	512	0.9360790833845375
gcn	1.0	0.9	0.3	64	0.9308562547439188
gcn	1.0	0.9	0.3	128	0.9303321646727147
gcn	1.0	0.9	0.3	256	0.9310911916723895
gcn	1.0	0.9	0.3	512	0.9316152817435934
gcn	0.1	0.9	0.5	64	0.8918025084035132
gcn	0.1	0.9	0.5	128	0.8886941121191311
gcn	0.1	0.9	0.5	256	0.8792966349803014
gcn	0.1	0.9	0.5	512	0.8724473199118082
gcn	0.3	0.9	0.5	64	0.947898218093758
gcn	0.3	0.9	0.5	128	0.9452777677377381
gcn	0.3	0.9	0.5	256	0.9457114974518379
gcn	0.3	0.9	0.5	512	0.943723569595547
gcn	0.5	0.9	0.5	64	0.9466693172371418
gcn	0.5	0.9	0.5	128	0.9456753533089963
gcn	0.5	0.9	0.5	256	0.9455307767376296
gcn	0.5	0.9	0.5	512	0.9446091010951675
gcn	0.7	0.9	0.5	64	0.9414103444536813
gcn	0.7	0.9	0.5	128	0.943000686738714
gcn	0.7	0.9	0.5	256	0.9416091372393104
gcn	0.7	0.9	0.5	512	0.9433440560957097
gcn	0.9	0.9	0.5	64	0.9351212635992338
gcn	0.9	0.9	0.5	128	0.9344525969566632
gcn	0.9	0.9	0.5	256	0.9357718581703834
gcn	0.9	0.9	0.5	512	0.9354827050276503
gcn	1.0	0.9	0.5	64	0.9250370477464127
gcn	1.0	0.9	0.5	128	0.9302598763870314
gcn	1.0	0.9	0.5	256	0.931036975458127
gcn	1.0	0.9	0.5	512	0.932283948386164
gcn	0.1	0.9	0.7	64	0.8903386706184263
gcn	0.1	0.9	0.7	128	0.8857302924061156
gcn	0.1	0.9	0.7	256	0.8761701666244985
gcn	0.1	0.9	0.7	512	0.8711099866266672
gcn	0.3	0.9	0.7	64	0.9457295695232587
gcn	0.3	0.9	0.7	128	0.9438500740954928
gcn	0.3	0.9	0.7	256	0.9452235515234756
gcn	0.3	0.9	0.7	512	0.942585029096035
gcn	0.5	0.9	0.7	64	0.946741605522825
gcn	0.5	0.9	0.7	128	0.9457114974518379
gcn	0.5	0.9	0.7	256	0.9450247587378465
gcn	0.5	0.9	0.7	512	0.9439223623811761
gcn	0.7	0.9	0.7	64	0.9417175696678354
gcn	0.7	0.9	0.7	128	0.9426211732388766
gcn	0.7	0.9	0.7	256	0.9425308128817725
gcn	0.7	0.9	0.7	512	0.9429826146672932
gcn	0.9	0.9	0.7	64	0.9324646691003723
gcn	0.9	0.9	0.7	128	0.9334947771713594
gcn	0.9	0.9	0.7	256	0.9341272996710883
gcn	0.9	0.9	0.7	512	0.9367838941699498
gcn	1.0	0.9	0.7	64	0.9288321827447862
gcn	1.0	0.9	0.7	128	0.928958687244732
gcn	1.0	0.9	0.7	256	0.9279647233165865
gcn	1.0	0.9	0.7	512	0.9322116601004807
gcn	0.1	0.9	0.9	64	0.8904109589041096
gcn	0.1	0.9	0.9	128	0.8851519861206492
gcn	0.1	0.9	0.9	256	0.878501463837785
gcn	0.1	0.9	0.9	512	0.8769653377670149
gcn	0.3	0.9	0.9	64	0.9448259659522175
gcn	0.3	0.9	0.9	128	0.9439042903097553
gcn	0.3	0.9	0.9	256	0.9434344164528138
gcn	0.3	0.9	0.9	512	0.9414103444536813
gcn	0.5	0.9	0.9	64	0.9447175335236925
gcn	0.5	0.9	0.9	128	0.9454042722376839
gcn	0.5	0.9	0.9	256	0.9445187407380634
gcn	0.5	0.9	0.9	512	0.9401272273828026
gcn	0.7	0.9	0.9	64	0.9376332815267286
gcn	0.7	0.9	0.9	128	0.9413561282394188
gcn	0.7	0.9	0.9	256	0.9423139480247226
gcn	0.7	0.9	0.9	512	0.9413742003108396
gcn	0.9	0.9	0.9	64	0.9317598583149601
gcn	0.9	0.9	0.9	128	0.932500813243214
gcn	0.9	0.9	0.9	256	0.9362959482415875
gcn	0.9	0.9	0.9	512	0.9352658401706003
gcn	1.0	0.9	0.9	64	0.9289948313875737
gcn	1.0	0.9	0.9	128	0.9301695160299274
gcn	1.0	0.9	0.9	256	0.9279466512451657
gcn	1.0	0.9	0.9	512	0.9316875700292767
gcn	0.1	1.0	0.1	64	0.7788339899519283
gcn	0.1	1.0	0.1	128	0.8075324393682004
gcn	0.1	1.0	0.1	256	0.8056529439404344
gcn	0.1	1.0	0.1	512	0.8154841507933639
gcn	0.3	1.0	0.1	64	0.9113384176094264
gcn	0.3	1.0	0.1	128	0.9150431922506957
gcn	0.3	1.0	0.1	256	0.920537101962627
gcn	0.3	1.0	0.1	512	0.9157841471789496
gcn	0.5	1.0	0.1	64	0.9192359128203275
gcn	0.5	1.0	0.1	128	0.926663534174287
gcn	0.5	1.0	0.1	256	0.9272779846025951
gcn	0.5	1.0	0.1	512	0.927910507102324
gcn	0.7	1.0	0.1	64	0.9204828857483645
gcn	0.7	1.0	0.1	128	0.9255972819604583
gcn	0.7	1.0	0.1	256	0.9277478584595367
gcn	0.7	1.0	0.1	512	0.9276213539595909
gcn	0.9	1.0	0.1	64	0.9190551921061192
gcn	0.9	1.0	0.1	128	0.9233924892471175
gcn	0.9	1.0	0.1	256	0.9268623269599161
gcn	0.9	1.0	0.1	512	0.9310911916723895
gcn	1.0	1.0	0.1	64	0.9124769581089385
gcn	1.0	1.0	0.1	128	0.9175552101781906
gcn	1.0	1.0	0.1	256	0.9240069396754256
gcn	1.0	1.0	0.1	512	0.9276394260310117
gcn	0.1	1.0	0.3	64	0.7995265117287743
gcn	0.1	1.0	0.3	128	0.8128094842230816
gcn	0.1	1.0	0.3	256	0.8115625112950446
gcn	0.1	1.0	0.3	512	0.8174178624353924
gcn	0.3	1.0	0.3	64	0.9149347598221708
gcn	0.3	1.0	0.3	128	0.9174467777496657
gcn	0.3	1.0	0.3	256	0.920844327176781
gcn	0.3	1.0	0.3	512	0.9210792641052518
gcn	0.5	1.0	0.3	64	0.9197780749629523
gcn	0.5	1.0	0.3	128	0.9276755701738534
gcn	0.5	1.0	0.3	256	0.9264285972458163
gcn	0.5	1.0	0.3	512	0.9257599306032458
gcn	0.7	1.0	0.3	64	0.9212780568908808
gcn	0.7	1.0	0.3	128	0.9265189576029205
gcn	0.7	1.0	0.3	256	0.928434597173528
gcn	0.7	1.0	0.3	512	0.9284888133877905
gcn	0.9	1.0	0.3	64	0.9128203274659341
gcn	0.9	1.0	0.3	128	0.9219467235334514
gcn	0.9	1.0	0.3	256	0.9269707593884411
gcn	0.9	1.0	0.3	512	0.9288683268876279
gcn	1.0	1.0	0.3	64	0.9100733726099686
gcn	1.0	1.0	0.3	128	0.9172841291068782
gcn	1.0	1.0	0.3	256	0.9223262370332888
gcn	1.0	1.0	0.3	512	0.9266454621028662
gcn	0.1	1.0	0.5	64	0.809231214081758
gcn	0.1	1.0	0.5	128	0.8186286912205877
gcn	0.1	1.0	0.5	256	0.8187190515776919
gcn	0.1	1.0	0.5	512	0.820996132576716
gcn	0.3	1.0	0.5	64	0.9172118408211949
gcn	0.3	1.0	0.5	128	0.9179889398922905
gcn	0.3	1.0	0.5	256	0.9217117866049807
gcn	0.3	1.0	0.5	512	0.9208623992482018
gcn	0.5	1.0	0.5	64	0.922615390176022
gcn	0.5	1.0	0.5	128	0.9280008674594282
gcn	0.5	1.0	0.5	256	0.929374344887411
gcn	0.5	1.0	0.5	512	0.9215491379621932
gcn	0.7	1.0	0.5	64	0.9236816423898507
gcn	0.7	1.0	0.5	128	0.9243322369610004
gcn	0.7	1.0	0.5	256	0.9256876423175624
gcn	0.7	1.0	0.5	512	0.9291755521017819
gcn	0.9	1.0	0.5	64	0.9189467596775942
gcn	0.9	1.0	0.5	128	0.9231936964614884
gcn	0.9	1.0	0.5	256	0.9250912639606752
gcn	0.9	1.0	0.5	512	0.9296092818158818
gcn	1.0	1.0	0.5	64	0.9138504355369212
gcn	1.0	1.0	0.5	128	0.9195431380344815
gcn	1.0	1.0	0.5	256	0.9220370838905555
gcn	1.0	1.0	0.5	512	0.9272237683883326
gcn	0.1	1.0	0.7	64	0.8202551776484621
gcn	0.1	1.0	0.7	128	0.824935844146456
gcn	0.1	1.0	0.7	256	0.824953916217877
gcn	0.1	1.0	0.7	512	0.8295080782159251
gcn	0.3	1.0	0.7	64	0.9192539848917483
gcn	0.3	1.0	0.7	128	0.9188383272490693
gcn	0.3	1.0	0.7	256	0.924278020746738
gcn	0.3	1.0	0.7	512	0.9203383091769979
gcn	0.5	1.0	0.7	64	0.9245310297466296
gcn	0.5	1.0	0.7	128	0.9263382368887122
gcn	0.5	1.0	0.7	256	0.9282538764593198
gcn	0.5	1.0	0.7	512	0.9270611197455453
gcn	0.7	1.0	0.7	64	0.9229768316044386
gcn	0.7	1.0	0.7	128	0.92760328188817
gcn	0.7	1.0	0.7	256	0.9284707413163696
gcn	0.7	1.0	0.7	512	0.9284165251021071
gcn	0.9	1.0	0.7	64	0.9203744533198395
gcn	0.9	1.0	0.7	128	0.9244045252466838
gcn	0.9	1.0	0.7	256	0.9274587053168034
gcn	0.9	1.0	0.7	512	0.929374344887411
gcn	1.0	1.0	0.7	64	0.915332345393429
gcn	1.0	1.0	0.7	128	0.9211154082480933
gcn	1.0	1.0	0.7	256	0.923970795532584
gcn	1.0	1.0	0.7	512	0.9270249756027036
gcn	0.1	1.0	0.9	64	0.826291249503018
gcn	0.1	1.0	0.9	128	0.8272852134311635
gcn	0.1	1.0	0.9	256	0.8313875736436911
gcn	0.1	1.0	0.9	512	0.8307550511439621
gcn	0.3	1.0	0.9	64	0.9190371200346984
gcn	0.3	1.0	0.9	128	0.9211154082480933
gcn	0.3	1.0	0.9	256	0.9228322550330719
gcn	0.3	1.0	0.9	512	0.9204828857483645
gcn	0.5	1.0	0.9	64	0.924693678389417
gcn	0.5	1.0	0.9	128	0.9274225611739617
gcn	0.5	1.0	0.9	256	0.9273864170311201
gcn	0.5	1.0	0.9	512	0.9268984711027578
gcn	0.7	1.0	0.9	64	0.926356308960133
gcn	0.7	1.0	0.9	128	0.926880399031337
gcn	0.7	1.0	0.9	256	0.9284888133877905
gcn	0.7	1.0	0.9	512	0.9279827953880073
gcn	0.9	1.0	0.9	64	0.9228141829616511
gcn	0.9	1.0	0.9	128	0.9249105432464669
gcn	0.9	1.0	0.9	256	0.9257057143889833
gcn	0.9	1.0	0.9	512	0.928958687244732
gcn	1.0	1.0	0.9	64	0.9155672823218998
gcn	1.0	1.0	0.9	128	0.9215491379621932
gcn	1.0	1.0	0.9	256	0.9225792460331803
gcn	1.0	1.0	0.9	512	0.9272779846025951
gcn	0.01	0.5	0.3	128	0.752755990891676
gcn	0.3	0.5	0.3	4	0.9407597498825315
gcn	0.3	0.5	0.3	16	0.9444464524523801
gcn	0.3	0.5	0.0	128	0.9496512090215781
gcn	0.3	0.5	1.0	128	0.9411573354537898
gcn	1.0	0.2	0.0	128	0.9460367947374128
gcn	1.0	0.2	1.0	128	0.9452958398091589
gcn	1.0	0.2	1.0	128	0.937597137383887
gcn	1.0	0.2	1.0	128	0.9478620739509163
gcn	0.01	0.5	0.3	128	0.7543463331767087
gcn	0.3	0.7	1.0	128	0.7376115950410236
gcn2	0.3	0.7	1.0	128	0.6492753099360249
sgc	0.3	0.7	1.0	128	0.7938880254454765
appnp	0.3	0.7	1.0	128	0.6814978132793581
gcn	0.3	0.7	1.0	128	0.8086348357248708
gcn	0.3	0.7	1.0	128	0.9463620920229877
gcn2	0.3	0.7	1.0	128	0.9633498391585643
sgc	0.3	0.7	1.0	128	0.9547656052336719
appnp	0.3	0.7	1.0	128	0.9447175335236925
