gnn_type	sp_rate	sw	dropout	se_dim	acc	infer_time	infer_rtime	gpu_memory
gcn	0.1	0.0	0.5	128	0.9569703979470127	0.020630697060746755	0.21970029909011216	2.2418737411499023
gcn	0.1	0.0	0.5	256	0.9571149745183793	0.02063238902455626	0.21856524519198178	2.3533849716186523
gcn	0.1	0.3	0.5	128	0.9584342357320996	0.0205677915037724	0.2182843602801624	2.2418737411499023
gcn	0.1	0.3	0.5	256	0.957675208732425	0.020723873556687915	0.22007729922389163	2.3533849716186523
gcn	0.1	0.5	0.5	128	0.9586872447319912	0.019807508341471353	0.2119012803395589	2.2418737411499023
gcn	0.1	0.5	0.5	256	0.9580908663751039	0.019408463618443957	0.20553208408299942	2.3533849716186523
gcn	0.1	0.7	0.5	128	0.9574041276611125	0.019112847079488633	0.19776811333986236	2.2418737411499023
gcn	0.1	0.7	0.5	256	0.9576390645895833	0.019167655642314624	0.2011932134628296	2.3533849716186523
gcn	0.1	1.0	0.5	128	0.9382296598836158	0.018331363058497762	0.1906398160505159	2.2418737411499023
gcn	0.1	1.0	0.5	256	0.9415910651678896	0.010721495071201459	0.13276244594272993	2.3533849716186523
gcn	0.3	0.0	0.5	128	0.9566993168757003	0.018353669213383533	0.19334065875986725	2.2434020042419434
gcn	0.3	0.0	0.5	256	0.9567535330899628	0.019966525677140193	0.19944522133037873	2.3549132347106934
gcn	0.3	0.3	0.5	128	0.9576390645895833	0.01982081296336702	0.20021401051011853	2.2434020042419434
gcn	0.3	0.3	0.5	256	0.9581631546607872	0.019868716760589464	0.19985569945049494	2.3549132347106934
gcn	0.3	0.5	0.5	128	0.9581089384465248	0.020210717504652812	0.2056124322512081	2.2434020042419434
gcn	0.3	0.5	0.5	256	0.9580727943036831	0.02005571682646102	0.20560903059494084	2.3549132347106934
gcn	0.3	0.7	0.5	128	0.9577474970181082	0.020198718383159668	0.20353181673571397	2.2434020042419434
gcn	0.3	0.7	0.5	256	0.9572776231611667	0.019607226841513538	0.2005692579819497	2.3549132347106934
gcn	0.3	1.0	0.5	128	0.9396934976687028	0.019106377646162007	0.19827037300693914	2.2434020042419434
gcn	0.3	1.0	0.5	256	0.9414645606679437	0.019159460797601818	0.19845629577734034	2.3549132347106934
gcn	0.5	0.0	0.5	128	0.9568800375899086	0.01904091721489316	0.20357438142968234	2.258075714111328
gcn	0.5	0.0	0.5	256	0.9569703979470127	0.015754174014628402	0.17062716975114886	2.369586944580078
gcn	0.5	0.3	0.5	128	0.9582173708750497	0.011282549605378792	0.13154423040854862	2.258075714111328
gcn	0.5	0.3	0.5	256	0.9581812267322081	0.010646453835007593	0.14314983073865895	2.369586944580078
gcn	0.5	0.5	0.5	128	0.9578197853037915	0.012950677173225546	0.15511087426276457	2.258075714111328
gcn	0.5	0.5	0.5	256	0.9578920735894748	0.013240474403102533	0.1563468518051198	2.369828701019287
gcn	0.5	0.7	0.5	128	0.9578017132323707	0.01331034335767186	0.15680216587710227	2.258075714111328
gcn	0.5	0.7	0.5	256	0.958289659160733	0.013138659827863887	0.15611097152152095	2.369828701019287
gcn	0.5	1.0	0.5	128	0.9382477319550366	0.01314637209471599	0.15658441192833986	2.258075714111328
gcn	0.5	1.0	0.5	256	0.9406874615968482	0.01321761472937987	0.15663079957372134	2.369828701019287
gcn	0.7	0.0	0.5	128	0.9564643799472295	0.011137369697172281	0.1456962925937141	2.321876049041748
gcn	0.7	0.0	0.5	256	0.9578197853037915	0.010608637806836983	0.14512379876699652	2.4325156211853027
gcn	0.7	0.3	0.5	128	0.9581812267322081	0.010573737538940543	0.1350389326097362	2.3210043907165527
gcn	0.7	0.3	0.5	256	0.9578920735894748	0.010664261611137697	0.14457938236623763	2.4325156211853027
gcn	0.7	0.5	0.5	128	0.9577474970181082	0.010501705274065644	0.14336432182384629	2.3210043907165527
gcn	0.7	0.5	0.5	256	0.9576029204467416	0.010562027893393498	0.14480707308103802	2.4322738647460938
gcn	0.7	0.7	0.5	128	0.9577113528752665	0.010591102926523094	0.1445088937245226	2.3210043907165527
gcn	0.7	0.7	0.5	256	0.9575667763039	0.012664690657777089	0.15449265972779944	2.4322738647460938
gcn	0.7	1.0	0.5	128	0.9395308490259153	0.01316756646174694	0.15633505669680345	2.321876049041748
gcn	0.7	1.0	0.5	256	0.9411031192395273	0.013223011576826003	0.15684441650509273	2.4322738647460938
gcn	1.0	0.0	0.5	128	0.9566631727328586	0.013224053039000585	0.1565945034989944	2.674252986907959
gcn	1.0	0.0	0.5	256	0.9571691907326417	0.013220367215510469	0.15622431590266672	2.785764217376709
gcn	1.0	0.3	0.5	128	0.957874001518054	0.01278491876003585	0.1549852974768257	2.675123691558838
gcn	1.0	0.3	0.5	256	0.957675208732425	0.010760726201797148	0.14544598231036734	2.786634922027588
gcn	1.0	0.5	0.5	128	0.9578197853037915	0.010376453291286121	0.14370885653929277	2.675123691558838
gcn	1.0	0.5	0.5	256	0.9574221997325334	0.010661419884514233	0.14457999531779003	2.786634922027588
gcn	1.0	0.7	0.5	128	0.9578378573752123	0.010486130826670902	0.143569374523729	2.675123691558838
gcn	1.0	0.7	0.5	256	0.9577474970181082	0.010900446497534981	0.14605729121776054	2.785764217376709
gcn	1.0	1.0	0.5	128	0.9399645787400152	0.010625003839468027	0.14250491769798906	2.674252986907959
gcn	1.0	1.0	0.5	256	0.9411754075252106	0.012643120717827225	0.15267049561029353	2.786634922027588
gcn2	0.1	0.0	0.5	128	0.9716449199407236	0.013541245104267772	0.2182688937374552	2.7992544174194336
gcn2	0.1	0.0	0.5	256	0.9707413163696823	0.013520688420778684	0.21624778343429613	2.9107656478881836
gcn2	0.1	0.3	0.5	128	0.9706328839411573	0.013576505238536126	0.21636746993670633	2.7992544174194336
gcn2	0.1	0.3	0.5	256	0.9696931362272744	0.013375425194394818	0.1995383718781226	2.9105238914489746
gcn2	0.1	0.5	0.5	128	0.9692413344417538	0.01105524933160241	0.19843561243061997	2.7992544174194336
gcn2	0.1	0.5	0.5	256	0.969006397513283	0.011020697273330519	0.19765874009967643	2.9107656478881836
gcn2	0.1	0.7	0.5	128	0.9690425416561246	0.0107881940990039	0.19876644890376882	2.7990126609802246
gcn2	0.1	0.7	0.5	256	0.9685003795134999	0.011226485991388094	0.18320476090837437	2.9107656478881836
gcn2	0.1	1.0	0.5	128	0.9397115697401236	0.01086836604661839	0.19638856650823047	2.7992544174194336
gcn2	0.1	1.0	0.5	256	0.943307911952868	0.011493955724802449	0.20159372203114445	2.9107656478881836
gcn2	0.3	0.0	0.5	128	0.971608775797882	0.013642009728088659	0.21724546920737764	2.8007826805114746
gcn2	0.3	0.0	0.5	256	0.9712654064408862	0.013627123656840672	0.19954048494393256	2.9122939109802246
gcn2	0.3	0.3	0.5	128	0.9701087938699534	0.013525158642684427	0.21988248282950687	2.8007826805114746
gcn2	0.3	0.3	0.5	256	0.9696931362272744	0.013543708398278835	0.22109950221745314	2.9122939109802246
gcn2	0.3	0.5	0.5	128	0.9698196407272202	0.011295194867291029	0.20354270273982364	2.8007826805114746
gcn2	0.3	0.5	0.5	256	0.9691871182274913	0.010845278086287252	0.20144755295599892	2.9122939109802246
gcn2	0.3	0.7	0.5	128	0.9697473524415369	0.010837801155589875	0.1987815731101566	2.8007826805114746
gcn2	0.3	0.7	0.5	256	0.9687172443705497	0.010809096081616128	0.20058903939103426	2.9122939109802246
gcn2	0.3	1.0	0.5	128	0.937488704955362	0.010768629763157452	0.1970757224558304	2.8007826805114746
gcn2	0.3	1.0	0.5	256	0.9408681823110565	0.011034220163168521	0.20300831550206894	2.9122939109802246
gcn2	0.5	0.0	0.5	128	0.9710485415838364	0.013535274931404133	0.22110387748175295	2.8154563903808594
gcn2	0.5	0.0	0.5	256	0.9713196226551487	0.013519240753229543	0.21171610315114817	2.9269676208496094
gcn2	0.5	0.3	0.5	128	0.9704160190841075	0.013519085240507153	0.2213718052191352	2.8152146339416504
gcn2	0.5	0.3	0.5	256	0.9694943434416453	0.013559832509640045	0.1988159738546979	2.9267258644104004
gcn2	0.5	0.5	0.5	128	0.9699100010843242	0.012610450802427349	0.21331600333705092	2.8154563903808594
gcn2	0.5	0.5	0.5	256	0.9687172443705497	0.010782654468829814	0.20364398011089077	2.9267258644104004
gcn2	0.5	0.7	0.5	128	0.9696389200130119	0.010746318571057829	0.1985338567077253	2.8154563903808594
gcn2	0.5	0.7	0.5	256	0.969313622727437	0.010774656679990481	0.20119535997331287	2.9269676208496094
gcn2	0.5	1.0	0.5	128	0.9404886688112192	0.01081026724406651	0.2006577171598162	2.8154563903808594
gcn2	0.5	1.0	0.5	256	0.9421512993819352	0.011993677914142608	0.20884818123145538	2.9269676208496094
gcn2	0.7	0.0	0.5	128	0.9708497487982073	0.013544745672316779	0.22291928599120447	2.878143310546875
gcn2	0.7	0.0	0.5	256	0.9712292622980446	0.013474509112396473	0.22026521687111683	2.989412784576416
gcn2	0.7	0.3	0.5	128	0.9699280731557451	0.013555854936925377	0.22160009988924353	2.877901554107666
gcn2	0.7	0.3	0.5	256	0.9696027758701702	0.013611318212252832	0.22062977500583814	2.989412784576416
gcn2	0.7	0.5	0.5	128	0.97003650558427	0.011372064482242912	0.2057329958595122	2.877901554107666
gcn2	0.7	0.5	0.5	256	0.9688076047276539	0.011427767036934575	0.20383252885920056	2.989412784576416
gcn2	0.7	0.7	0.5	128	0.9694581992988036	0.011330440438171318	0.20381277381564697	2.877901554107666
gcn2	0.7	0.7	0.5	256	0.9687533885133914	0.011262034782503648	0.2099555298302235	2.989412784576416
gcn2	0.7	1.0	0.5	128	0.9378501463837785	0.011407921694564165	0.2011592495843572	2.877901554107666
gcn2	0.7	1.0	0.5	256	0.9415729930964687	0.012744993553821898	0.2175992428424437	2.989412784576416
gcn2	1.0	0.0	0.5	128	0.9715184154407778	0.013988101542295524	0.22707704599179215	3.2313919067382812
gcn2	1.0	0.0	0.5	256	0.9714641992265154	0.0139858138096797	0.22336055408824573	3.3429031372070312
gcn2	1.0	0.3	0.5	128	0.970361802869845	0.013982362831093349	0.22731150126527133	3.2313919067382812
gcn2	1.0	0.3	0.5	256	0.9692955506560162	0.014171397571928764	0.2229651209840364	3.3429031372070312
gcn2	1.0	0.5	0.5	128	0.9700003614414284	0.011765020206850272	0.20796419353331702	3.232504367828369
gcn2	1.0	0.5	0.5	256	0.9696750641558536	0.011319024282842344	0.20791982862024544	3.344015598297119
gcn2	1.0	0.7	0.5	128	0.9693497668702786	0.011343997394894029	0.2017619139304366	3.2313919067382812
gcn2	1.0	0.7	0.5	256	0.9684100191563957	0.011122719278010394	0.2100661611210507	3.344015598297119
gcn2	1.0	1.0	0.5	128	0.9377597860266744	0.011400404759651222	0.20580819966136546	3.2313919067382812
gcn2	1.0	1.0	0.5	256	0.9411392633823689	0.013818238929123539	0.22282003524288413	3.3429031372070312
sage	0.1	0.0	0.5	128	0.9668919651570463	0.013667262326289058	0.1302048688734244	1.8394227027893066
sage	0.1	0.0	0.5	256	0.9667293165142589	0.013773223178918633	0.1308831860510151	1.9509339332580566
sage	0.1	0.3	0.5	128	0.9647233165865472	0.013798151776346483	0.13117466556241492	1.8394227027893066
sage	0.1	0.3	0.5	256	0.964524523800918	0.013726192917232464	0.12597209314767374	1.9509339332580566
sage	0.1	0.5	0.5	128	0.9654642715148011	0.013661063659418507	0.1310306374968235	1.8391809463500977
sage	0.1	0.5	0.5	256	0.9632594788014602	0.013703536112796386	0.1307920445346464	1.9506921768188477
sage	0.1	0.7	0.5	128	0.9642534427296057	0.013691610712254889	0.13060709947272192	1.8394227027893066
sage	0.1	0.7	0.5	256	0.9628257490873604	0.013769370631167763	0.12655115241639353	1.9509339332580566
sage	0.1	1.0	0.5	128	0.9356272815990169	0.012162254367555891	0.12402728659766062	1.8394227027893066
sage	0.1	1.0	0.5	256	0.9364043806701124	0.011293067897793198	0.12176678826635105	1.9509339332580566
sage	0.3	0.0	0.5	128	0.9664943795857881	0.011144302953684845	0.12044532906103428	1.8409509658813477
sage	0.3	0.0	0.5	256	0.9664220913001048	0.011151212115659781	0.12014778074643291	1.9524621963500977
sage	0.3	0.3	0.5	128	0.9653919832291177	0.011227254103628547	0.12065814221141463	1.8407092094421387
sage	0.3	0.3	0.5	256	0.9643438030867097	0.01115253416545083	0.1215447325455515	1.9524621963500977
sage	0.3	0.5	0.5	128	0.9653919832291177	0.011254872731286218	0.12116594786733309	1.8409509658813477
sage	0.3	0.5	0.5	256	0.9635847760870351	0.011242873810387992	0.12066879535054827	1.9524621963500977
sage	0.3	0.7	0.5	128	0.9649221093721763	0.011311277871215707	0.12092131073005105	1.8407092094421387
sage	0.3	0.7	0.5	256	0.963169118444356	0.011306266197332012	0.12172098124948076	1.9522204399108887
sage	0.3	1.0	0.5	128	0.9354465608848086	0.010659628501836804	0.1170009618220122	1.8407092094421387
sage	0.3	1.0	0.5	256	0.9378320743123577	0.010649025845689839	0.11812117364671496	1.9522204399108887
sage	0.5	0.0	0.5	128	0.9666028120143131	0.01147466452520513	0.12076088478556732	1.8553829193115234
sage	0.5	0.0	0.5	256	0.9666751002999964	0.013161566137343414	0.12840774840162705	1.9668941497802734
sage	0.5	0.3	0.5	128	0.965572703943326	0.013287813567063388	0.12852585973108516	1.8553829193115234
sage	0.5	0.3	0.5	256	0.9640907940868182	0.013344029841503374	0.1285972623569878	1.9671359062194824
sage	0.5	0.5	0.5	128	0.9641088661582391	0.01321454444908765	0.1276599163267021	1.8553829193115234
sage	0.5	0.5	0.5	256	0.9632956229443018	0.013402478365536033	0.12909104817522193	1.9671359062194824
sage	0.5	0.7	0.5	128	0.9642715148010265	0.013265883194581243	0.12800635863806456	1.8556246757507324
sage	0.5	0.7	0.5	256	0.9630064698015687	0.013233029881849984	0.12807666584355942	1.9668941497802734
sage	0.5	1.0	0.5	128	0.9358622185274876	0.013317744662652866	0.1286866571893336	1.8556246757507324
sage	0.5	1.0	0.5	256	0.936765822098529	0.013199893666500867	0.12904809223665736	1.9671359062194824
sage	0.7	0.0	0.5	128	0.9666931723714172	0.013314656184927765	0.12802832115926016	1.918311595916748
sage	0.7	0.0	0.5	256	0.9675244876567752	0.010693745122969358	0.11846826072353935	2.029581069946289
sage	0.7	0.3	0.5	128	0.964524523800918	0.010617929743602872	0.11730072717182338	1.918311595916748
sage	0.7	0.3	0.5	256	0.9633679112299852	0.010674115168495495	0.116717798389521	2.030064582824707
sage	0.7	0.5	0.5	128	0.9643799472295514	0.010688504746289757	0.11748138191254158	1.918311595916748
sage	0.7	0.5	0.5	256	0.9638197130155058	0.01086592421108231	0.11824460172284984	2.029822826385498
sage	0.7	0.7	0.5	128	0.9648678931579138	0.010821101529401654	0.11136904705402463	1.918553352355957
sage	0.7	0.7	0.5	256	0.961922145516319	0.010801387179561734	0.11028758694415519	2.029822826385498
sage	0.7	1.0	0.5	128	0.9358080023132251	0.010462254386700402	0.10568429750611674	1.918553352355957
sage	0.7	1.0	0.5	256	0.9363140203130083	0.010527990386228363	0.10642230932978908	2.029822826385498
sage	1.0	0.0	0.5	128	0.9670546137998337	0.010507139169944908	0.10585509448681238	2.272672653198242
sage	1.0	0.0	0.5	256	0.9669461813713088	0.01063785863959271	0.10612522830133853	2.383942127227783
gcn	0.1	0.1	0.5	128	0.551487331477934	0.03274831771850586	0.3071702480316162	2.475371837615967
gcn	0.1	0.3	0.5	128	0.5643185021867206	0.03099684715270996	0.3004899024963379	2.475371837615967
gcn	0.9	0.3	0.5	128	0.5553186106191492	0.03368730545043945	0.30277600288391116	2.7518606185913086
gcn	0.9	1.0	0.5	128	0.6127335815231142	0.0318997859954834	0.30126276016235354	2.6405324935913086
gcn	1.0	0.0	0.5	128	0.5649871688292912	0.03138408660888672	0.29725375175476076	2.786451816558838
gcn	0.01	0.5	0.5	128	0.5615896194021759	0.03205709457397461	0.2984920024871826	2.4446682929992676
gcn	0.01	0.5	0.5	128	0.5653666823291286	0.03007826805114746	0.2739718437194824	2.4433140754699707
gcn	0.001	0.5	0.5	128	0.5571800339754943	0.029349327087402344	0.2758330345153809	2.440884590148926
gcn	0.001	0.5	0.5	128	0.5658004120432284	0.029959440231323242	0.2723673343658447	2.440884590148926
gcn	0.9	0.5	0.5	128	0.5669208804713196	0.028981542587280272	0.2851665496826172	2.7518606185913086
gcn	0.9	0.5	0.5	128	0.5756677630389996	0.028194713592529296	0.0007266998291015625	2.7518606185913086
gcn	0.1	0.5	0.5	128	0.5711678172552138	0.027068614959716797	0.0007184982299804687	2.475371837615967
gcn	0.1	0.5	0.5	128	0.5642281418296166	0.02898125648498535	0.0008641719818115234	2.473775863647461
gcn	0.9	0.5	0.5	128	0.6138179058083637	0.027592182159423828	0.0006525039672851563	2.7505064010620117
gcn	0.5	0.5	0.5	128	0.565113673329237	0.01750774383544922	0.0007909774780273437	2.221247673034668
gcn	0.9	0.5	0.5	128	0.5703365019698557	0.01316227912902832	0.0005733013153076172	2.534580707550049
gcn	0.1	0.5	0.5	128	0.5735894748256045	0.016736984252929688	0.0009730339050292968	1.9061717987060547
gcn	0.1	0.5	0.5	128	0.5577764123323815	0.01791825294494629	0.0007018566131591797	1.9061717987060547
gcn	0.1	0.5	0.5	128	0.5641377814725124	0.015359926223754882	0.00043497085571289065	1.8819007873535156
gcn	0.9	0.5	0.5	128	0.5710593848266888	0.013924741744995117	0.0007265090942382812	2.296996593475342
gcn	0.9	0.5	0.5	128	0.5518849170491922	0.00085601806640625	0.0004561901092529297	2.2963457107543945
gcn	0.5	0.5	0.5	128	0.9480789388079661	0.00045447851882776257	0.018231456757351393	1.74277925491333
gcn	1.0	0.5	0.5	128	0.9426573173817183	0.0004293840236058557	0.04590249821422546	2.5828118324279785
gcn	0.5	0.5	0.5	128	0.9510427585209816	0.000458918441579027	0.029503725752045837	2.671414375305176
gcn	0.5	0.5	0.5	128	0.9499222900928904	0.00048211799191601705	0.02956054448049306	2.6716561317443848
gcn2	0.5	0.5	0.5	128	0.967434127299671	0.0009233722418997252	0.09788148901158472	3.2280702590942383
sage	0.5	0.5	0.5	128	0.9647956048722305	0.0007160095713246408	0.08267623093492704	2.706559658050537
sage	1.0	0.5	0.5	128	0.964217298586764	0.0008201567367231939	0.1391165096850836	3.138951301574707
sage	0.1	0.5	0.5	128	0.9493620558788448	0.0006634091060018613	0.05935652880093315	2.3611297607421875
gcn	0.1	0.5	0.5	128	0.8852604185491741	0.0005052358271127724	0.017193294001485636	2.325742721557617
gcn	0.7	0.5	0.5	128	0.9488560378790617	0.0004520012194073965	0.0359805346383743	2.8446125984191895
gcn	0.7	0.5	0.5	128	0.9494343441645281	0.0014933193108661303	0.10249750653121699	2.8446125984191895
